{
  "name": "toastr",
  "version": "2.1.3",
  "main": [
    "toastr.js",
    "toastr.css"
  ],
  "dependencies": {
    "jquery": ">=1.6.3 <3"
  },
  "license": "MIT",
  "homepage": "https://github.com/johnpapa/toastr-bower",
  "_release": "2.1.3",
  "_resolution": {
    "type": "version",
    "tag": "2.1.3",
    "commit": "d6fef68471aa1836bc44ba1a41a90a96548b784f"
  },
  "_source": "https://github.com/johnpapa/toastr-bower.git",
  "_target": "^2.1.3",
  "_originalSource": "toastr"
}