{
  "name": "angular-aria",
  "version": "1.6.2",
  "license": "MIT",
  "main": "./angular-aria.js",
  "ignore": [],
  "dependencies": {
    "angular": "1.6.2"
  },
  "homepage": "https://github.com/angular/bower-angular-aria",
  "_release": "1.6.2",
  "_resolution": {
    "type": "version",
    "tag": "v1.6.2",
    "commit": "1d1a782325e46b890d763688fdcb6d0be8ef5b34"
  },
  "_source": "https://github.com/angular/bower-angular-aria.git",
  "_target": "^1.4.8",
  "_originalSource": "angular-aria"
}